,dim,size,total MST weight,avg edge weight,max edge weight,MST size,duration (s)
0,0.0,16384.0,1.19599,7.30021e-05,0.000715647,16383.0,15.571545839309692
1,2.0,16384.0,83.453,0.00509388,0.0141952,16383.0,146.46707797050476
2,3.0,16384.0,422.462,0.0257866,0.0638703,16383.0,158.11189675331116
3,4.0,16384.0,1010.59,0.0616855,0.122198,16383.0,157.66454768180847
